feature,importance,direction,signed_effect
warehouse_load_pct,10.881052838684042,non-directional,
order_value_eur,8.072238056703831,non-directional,
carrier_recent_on_time_rate,7.771660584062221,non-directional,
carrier,7.393915334289477,non-directional,
ship_month,6.603893897219238,non-directional,
destination,6.094629380857281,non-directional,
route,5.744221046659328,non-directional,
shipping_cost,5.179198300617362,non-directional,
weather_severity,4.776900825580001,non-directional,
package_weight_kg,4.73363912748861,non-directional,
pickup_hour,4.635204674219875,non-directional,
package_volume_cm3,4.608160067050111,non-directional,
service_level,4.291818581564208,non-directional,
ship_weekday,4.239659909689331,non-directional,
distance_km,4.2230246304686245,non-directional,
origin,3.8283426267065015,non-directional,
promised_days,2.6048326821608034,non-directional,
holiday_period,1.9959021527432907,non-directional,
is_weekend,1.0817776827667107,non-directional,
fragile,0.7637819315955694,non-directional,
peak_season,0.4761456688735733,non-directional,
